{
    "fundamental": [
      "accum_depre",
      "depre",
      "goodwill",
      "inventory",
      "ppent_net",
      "ppent",
      "assets_curr",
      "assets",
      "receivable",
      "preferred_dividends",
      "pretax_income",
      "sga_expense",
      "operating_expense",
      "accounts_payable",
      "debt_lt_curr",
      "debt_st",
      "liabilities_curr",
      "liabilities",
      "debt_lt",
      "income_tax_payable",
      "employee",
      "income_beforeextra",
      "income",
      "retained_earnings",
      "equity",
      "sales",
      "revenue",
      "eps",
      "ebitda",
      "ebit",
      "cogs",
      "cash_st",
      "depre_amort",
      "interest_expense",
      "liabilities_oth",
      "assets_curr_oth",
      "liabilities_cur_oth",
      "operating_income",
      "income_tax",
      "cashflow_fin",
      "cashflow_invst",
      "capex",
      "bookvalue_ps",
      "cashflow_op",
      "quick_ratio",
      "cost_of_revenue",
      "operating_margin",
      "debt",
      "return_assets",
      "return_equity",
      "inventory_turnover",
      "current_ratio",
      "cash",
      "rad",
      "enterprise_value"
],
    "price-volume" : [
      "close",
      "open",
      "high",
      "low",
      "vwap",
      "volume",
      "sharesout",
      "returns",
      "adv20",
      "cap",
      "sector",
      "industry",
      "subindustry",
      "country",
      "exchange",
      "split",
      "dividend",
      "market"
],
    "stock-report-plus":[
      "srp_average_score",
      "srp_earnings_score",
      "srp_fundamental_score",
      "srp_insider_trading_score",
      "srp_price_momentum_score",
      "srp_relative_valuation_score",
      "srp_risk_score"
],
    "star_arm" : [
      "star_arm_score",
      "star_arm_score_5",
      "star_arm_global_rank",
      "star_arm_country_rank",
      "star_arm_pref_earnings_score",
      "star_arm_recommendations_score",
      "star_arm_revenue_score",
      "star_arm_secondary_earnings_score",
      "star_arm_score_change_1m",
      "star_arm_region_rank_decimal"
],
    "star-ccr" : [
      "star_ccr_country_rank",
      "star_ccr_global_rank",
      "star_ccr_implied_rating",
      "star_ccr_industry_rank",
      "star_ccr_combined_pd",
      "star_ccr_region_rank",
      "star_ccr_sector_rank"
],
    "star-pm" : [
      "star_pm_global_rank",
      "star_pm_industry",
      "star_pm_longterm",
      "star_pm_midterm",
      "star_pm_region_rank",
      "star_pm_shortterm"
],
    "star-eps" : [
      "star_eps_analyst_number_fq1",
      "star_eps_analyst_number_fq2",
      "star_eps_analyst_number_fy1",
      "star_eps_analyst_number_fy2",
      "star_eps_fq1_enddate",
      "star_eps_fq2_enddate",
      "star_eps_fy1_enddate",
      "star_eps_fy2_enddate",
      "star_eps_surprise_prediction_12m",
      "star_eps_surprise_prediction_fq1",
      "star_eps_surprise_prediction_fq2",
      "star_eps_surprise_prediction_fy1",
      "star_eps_surprise_prediction_fy2",
      "star_eps_smart_estimate_12m",
      "star_eps_smart_estimate_fq1",
      "star_eps_smart_estimate_fq2",
      "star_eps_smart_estimate_fy1",
      "star_eps_smart_estimate_fy2"
],
    "star-rev":[
      "star_rev_analyst_number_fq1",
      "star_rev_analyst_number_fq2",
      "star_rev_analyst_number_fy1",
      "star_rev_analyst_number_fy2",
      "star_rev_fq1_enddate",
      "star_rev_fq2_enddate",
      "star_rev_fy1_enddate",
      "star_rev_fy2_enddate",
      "star_rev_surprise_prediction_12m",
      "star_rev_surprise_prediction_fq1",
      "star_rev_surprise_prediction_fq2",
      "star_rev_surprise_prediction_fy1",
      "star_rev_surprise_prediction_fy2",
      "star_rev_smart_estimate_12m",
      "star_rev_smart_estimate_fq1",
      "star_rev_smart_estimate_fq2",
      "star_rev_smart_estimate_fy1",
      "star_rev_smart_estimate_fy2"
],
    "star-hold" : [
      "star_hold_global_change_rank",
      "star_hold_region_change_rank",
      "star_hold_country_rank",
      "star_hold_global_rank",
      "star_hold_industry_rank",
      "star_hold_global_owner_rank",
      "star_hold_region_owner_rank",
      "star_hold_region_rank",
      "star_hold_global_screening_rank",
      "star_hold_region_screening_rank",
      "star_hold_sector_rank"
],
    "star-sr" : [
      "star_sr_global_rank",
      "star_sr_liquidity",
      "star_sr_region_rank",
      "star_sr_sector_rank",
      "star_sr_industr_rank",
      "star_sr_country_rank",
      "star_sr_growth",
      "star_sr_profitability",
      "star_sr_leverage",
      "star_sr_coverage"
],
    "star-val" : [
      "star_val_dividend_projection_fy1",
      "star_val_dividend_projection_fy10",
      "star_val_dividend_projection_fy11",
      "star_val_dividend_projection_fy12",
      "star_val_dividend_projection_fy13",
      "star_val_dividend_projection_fy14",
      "star_val_dividend_projection_fy15",
      "star_val_dividend_projection_fy2",
      "star_val_dividend_projection_fy3",
      "star_val_dividend_projection_fy4",
      "star_val_dividend_projection_fy5",
      "star_val_dividend_projection_fy6",
      "star_val_dividend_projection_fy7",
      "star_val_dividend_projection_fy8",
      "star_val_dividend_projection_fy9",
      "star_val_earnings_measure_type",
      "star_val_earnings_projection_fy1",
      "star_val_earnings_projection_fy10",
      "star_val_earnings_projection_fy11",
      "star_val_earnings_projection_fy12",
      "star_val_earnings_projection_fy13",
      "star_val_earnings_projection_fy14",
      "star_val_earnings_projection_fy15",
      "star_val_earnings_projection_fy2",
      "star_val_earnings_projection_fy3",
      "star_val_earnings_projection_fy4",
      "star_val_earnings_projection_fy5",
      "star_val_earnings_projection_fy6",
      "star_val_earnings_projection_fy7",
      "star_val_earnings_projection_fy8",
      "star_val_earnings_projection_fy9",
      "star_val_fwd10_eps_cagr",
      "star_val_fwd5_eps_cagr",
      "star_val_fy_end_date",
      "star_val_implied10_eps_cagr",
      "star_val_implied5_eps_cagr",
      "star_val_iv_projection",
      "star_val_piv_ratio",
      "star_val_piv_industry_rank",
      "star_val_piv_region_rank",
      "star_val_piv_sector_rank",
      "star_val_buyback_yield",
      "star_val_dividend_yield",
      "star_val_ev_sales",
      "star_val_industry_rank",
      "star_val_pb",
      "star_val_pcf",
      "star_val_pe",
      "star_val_region_rank",
      "star_val_sector_rank"
],
    "star-arm-2" : [
      "star_arm_rec_change_flag",
      "star_arm_rec_days_since_2lv_change",
      "star_arm_rec_days_since_new",
      "star_arm_rec_days_since_newsell",
      "star_arm_rec_ndown_30",
      "star_arm_rec_nup_30",
      "star_arm_rec_mean_change30",
      "star_arm_rec_mean_prior7"
],
    "star-ebitda" : [
      "star_ebitda_analyst_number_fq1",
      "star_ebitda_analyst_number_fq2",
      "star_ebitda_analyst_number_fy1",
      "star_ebitda_analyst_number_fy2",
      "star_ebitda_fq1_enddate",
      "star_ebitda_fq2_enddate",
      "star_ebitda_fy1_enddate",
      "star_ebitda_fy2_enddate",
      "star_ebitda_surprise_prediction_12m",
      "star_ebitda_surprise_prediction_fq1",
      "star_ebitda_surprise_prediction_fq2",
      "star_ebitda_surprise_prediction_fy1",
      "star_ebitda_surprise_prediction_fy2",
      "star_ebitda_smart_estimate_12m",
      "star_ebitda_smart_estimate_fq1",
      "star_ebitda_smart_estimate_fq2",
      "star_ebitda_smart_estimate_fy1",
      "star_ebitda_smart_estimate_fy2"
],
    "fscore" : [
      "fscore_growth",
      "fscore_total",
      "fscore_momentum",
      "fscore_surface_accel",
      "fscore_surface",
      "fscore_profitability",
      "fscore_quality",
      "fscore_value"
      ],    
    "cr-model" : [
      "cr_class",
      "cr_confidence_level_percent",
      "cr_probability_of_default_percent"
      ],
    "raven-pack" : [
      "rp_css_mna",
      "rp_css_ratings",
      "rp_css_assets",
      "rp_css_business",
      "rp_css_dividends",
      "rp_css_earnings",
      "rp_css_equity",
      "rp_css_labor",
      "rp_css_partner",
      "rp_css_ptg",
      "rp_css_product",
      "rp_css_revenue",
      "rp_css_price",
      "rp_css_technical",
      "rp_ess_mna",
      "rp_ess_ratings",
      "rp_ess_assets",
      "rp_ess_business",
      "rp_ess_dividends",
      "rp_ess_earnings",
      "rp_ess_equity",
      "rp_ess_labor",
      "rp_ess_partner",
      "rp_ess_ptg",
      "rp_ess_product",
      "rp_ess_revenue",
      "rp_ess_price",
      "rp_ess_technical",
      "rp_nip_mna",
      "rp_nip_ratings",
      "rp_nip_assets",
      "rp_nip_business",
      "rp_nip_dividends",
      "rp_nip_earnings",
      "rp_nip_equity",
      "rp_nip_inverstor",
      "rp_nip_labor",
      "rp_nip_partner",
      "rp_nip_ptg",
      "rp_nip_product",
      "rp_nip_revenue",
      "rp_nip_price",
      "rp_nip_technical"
    ]
}